{
    "pools": [
        {
            "rolls": {
                "min": 2,
                "max": 3
            },
            "entries": [
                {
                    "type": "minecraft:item",
                    "name": "minecraft:leather_boots"
                },
                {
                    "type": "minecraft:item",
                    "name": "minecraft:diamond_boots"
                },
                {
                    "type": "minecraft:item",
                    "name": "minecraft:diamond_leggings"
                },
                {
                    "type": "minecraft:item",
                    "name": "minecraft:diamond_helmet"
                },
                {
                    "type": "minecraft:item",
                    "name": "minecraft:diamond_chestplate"
                },
                {
                    "type": "minecraft:item",
                    "weight": 2,
                    "name": "minecraft:iron_boots"
                },
                {
                    "type": "minecraft:item",
                    "weight": 2,
                    "name": "minecraft:iron_leggings"
                },
                {
                    "type": "minecraft:item",
                    "weight": 2,
                    "name": "minecraft:iron_helmet"
                },
                {
                    "type": "minecraft:item",
                    "weight": 2,
                    "name": "minecraft:iron_chestplate"
                }
            ]
        },
        {
            "rolls": 1,
            "entries": [
                {
                    "type": "minecraft:loot_table",
                    "name": "bedwars:good_loot/blocks"
                }
            ]
        }
    ]
}