{
    "pools": [
        {
            "rolls": {
                "min": 1,
                "max": 3
            },
            "entries": [
                {
                    "type": "minecraft:item",
                    "weight": 4,
                    "name": "minecraft:iron_sword"
                },
                {
                    "type": "minecraft:item",
                    "weight": 2,
                    "name": "minecraft:iron_axe"
                },
                {
                    "type": "minecraft:item",
                    "name": "minecraft:iron_pickaxe"
                },
                {
                    "type": "minecraft:item",
                    "name": "minecraft:iron_shovel"
                }
            ]
        },
        {
            "rolls": 1,
            "entries": [
                {
                    "type": "minecraft:loot_table",
                    "name": "bedwars:loot/blocks"
                }
            ]
        }
    ]
}