{
    "pools": [
        {
            "rolls": {
                "min": 1,
                "max": 3
            },
            "entries": [
                {
                    "type": "minecraft:item",
                    "name": "minecraft:leather_boots"
                },
                {
                    "type": "minecraft:item",
                    "name": "minecraft:iron_boots"
                },
                {
                    "type": "minecraft:item",
                    "name": "minecraft:iron_leggings"
                },
                {
                    "type": "minecraft:item",
                    "name": "minecraft:iron_helmet"
                },
                {
                    "type": "minecraft:item",
                    "name": "minecraft:iron_chestplate"
                },
                {
                    "type": "minecraft:item",
                    "weight": 3,
                    "name": "minecraft:chainmail_helmet"
                },
                {
                    "type": "minecraft:item",
                    "weight": 3,
                    "name": "minecraft:chainmail_chestplate"
                }
            ]
        },
        {
            "rolls": 1,
            "entries": [
                {
                    "type": "minecraft:loot_table",
                    "name": "bedwars:loot/blocks"
                }
            ]
        }
    ]
}