{
    "pools": [
        {
            "rolls": {
                "min": 1,
                "max": 2
            },
            "entries": [
                {
                    "type": "minecraft:item",
                    "name": "minecraft:potion",
                    "functions": [
                        {
                            "function": "minecraft:set_nbt",
                            "tag": "{Potion:\"minecraft:healing\"}"
                        }
                    ]
                },
                {
                    "type": "minecraft:item",
                    "name": "minecraft:potion",
                    "functions": [
                        {
                            "function": "minecraft:set_nbt",
                            "tag": "{Potion:\"minecraft:strong_healing\"}"
                        }
                    ]
                },
                {
                    "type": "minecraft:item",
                    "name": "minecraft:splash_potion",
                    "functions": [
                        {
                            "function": "minecraft:set_nbt",
                            "tag": "{Potion:\"minecraft:harming\"}"
                        }
                    ]
                },
                {
                    "type": "minecraft:item",
                    "name": "minecraft:splash_potion",
                    "functions": [
                        {
                            "function": "minecraft:set_nbt",
                            "tag": "{Potion:\"minecraft:strong_harming\"}"
                        }
                    ]
                },
                {
                    "type": "minecraft:item",
                    "name": "minecraft:golden_apple",
                    "functions": [
                        {
                            "function": "minecraft:set_count",
                            "count": {
                                "min": 1,
                                "max": 2
                            }
                        }
                    ]
                },
                {
                    "type": "minecraft:item",
                    "name": "minecraft:spectral_arrow",
                    "functions": [
                        {
                            "function": "minecraft:set_count",
                            "count": {
                                "min": 3,
                                "max": 6
                            }
                        }
                    ]
                }
            ]
        },
        {
            "rolls": {
                "min": 1,
                "max": 3
            },
            "entries": [
                {
                    "type": "minecraft:item",
                    "weight": 4,
                    "name": "minecraft:iron_sword",
                    "functions": [
                        {
                            "function": "enchant_with_levels",
                            "levels": 10
                        }
                    ]
                },
                {
                    "type": "minecraft:item",
                    "weight": 2,
                    "name": "minecraft:iron_axe",
                    "functions": [
                        {
                            "function": "enchant_with_levels",
                            "levels": 10
                        }
                    ]
                },
                {
                    "type": "minecraft:item",
                    "name": "minecraft:iron_pickaxe",
                    "functions": [
                        {
                            "function": "enchant_with_levels",
                            "levels": 10
                        }
                    ]
                },
                {
                    "type": "minecraft:item",
                    "name": "minecraft:iron_helmet",
                    "functions": [
                        {
                            "function": "enchant_with_levels",
                            "levels": 10
                        }
                    ]
                },
                {
                    "type": "minecraft:item",
                    "name": "minecraft:iron_chestplate",
                    "functions": [
                        {
                            "function": "enchant_with_levels",
                            "levels": 10
                        }
                    ]
                },
                {
                    "type": "minecraft:item",
                    "name": "minecraft:iron_leggings",
                    "functions": [
                        {
                            "function": "enchant_with_levels",
                            "levels": 10
                        }
                    ]
                },
                {
                    "type": "minecraft:item",
                    "name": "minecraft:iron_boots",
                    "functions": [
                        {
                            "function": "enchant_with_levels",
                            "levels": 10
                        }
                    ]
                },
                {
                    "type": "minecraft:item",
                    "name": "minecraft:bow",
                    "functions": [
                        {
                            "function": "enchant_with_levels",
                            "levels": 10
                        }
                    ]
                },
                {
                    "type": "minecraft:item",
                    "name": "minecraft:crossbow",
                    "functions": [
                        {
                            "function": "enchant_with_levels",
                            "levels": 10
                        }
                    ]
                },
                {
                    "type": "minecraft:item",
                    "name": "minecraft:shield",
                    "functions": [
                        {
                            "function": "enchant_with_levels",
                            "levels": 10
                        }
                    ]
                }
            ],
            "conditions": [
                {
                    "condition": "minecraft:random_chance",
                    "chance": 0.33
                }
            ]
        },
        {
            "rolls": {
                "min": 1,
                "max": 3
            },
            "entries": [
                {
                    "type": "minecraft:item",
                    "name": "minecraft:lapis_lazuli",
                    "functions": [
                        {
                            "function": "minecraft:set_count",
                            "count": 1
                        }
                    ]
                },
                {
                    "type": "minecraft:item",
                    "name": "minecraft:experience_bottle",
                    "functions": [
                        {
                            "function": "minecraft:set_count",
                            "count": {
                                "min": 1,
                                "max": 2
                            }
                        }
                    ]
                }
            ]
        },
        {
            "rolls": 1,
            "entries": [
                {
                    "type": "minecraft:loot_table",
                    "name": "bedwars:loot/blocks"
                }
            ]
        }
    ]
}