{
    "type": "minecraft:generic",
    "pools": [
        {
            "rolls": 1,
            "entries": [
                {
                    "type": "minecraft:item",
                    "name": "minecraft:stone_sword"
                }
            ]
        },
        {
            "rolls": 1,
            "entries": [
                {
                    "type": "minecraft:item",
                    "name": "minecraft:stone_pickaxe"
                }
            ]
        },
        {
            "rolls": 1,
            "entries": [
                {
                    "type": "minecraft:item",
                    "name": "minecraft:stone_axe"
                }
            ]
        },
        {
            "rolls": 1,
            "entries": [
                {
                    "type": "minecraft:item",
                    "name": "minecraft:cooked_beef"
                }
            ],
            "functions": [
                {
                    "function": "minecraft:set_count",
                    "count": 8
                }
            ]
        },
        {
            "rolls": 1,
            "entries": [
                {
                    "type": "minecraft:item",
                    "name": "minecraft:snowball"
                }
            ],
            "functions": [
                {
                    "function": "minecraft:set_count",
                    "count": 4
                }
            ]
        }
    ]
}